id,score
0000aaaa,1.3424599170684814
2222bbbb,1.3424599170684814
4444cccc,1.342604637145996
